wayid,num_samples
344476914,17385
337522391,17378
4723986,17378
4730089,17377
344477408,17375
40350411,17372
4727405,17363
4741914,17362
4962695,17359
40350410,17359
162144290,17353
4962801,17353
162144288,17353
337522384,17346
352921938,17334
26583522,17310
659301392,17294
4730074,17290
4723375,17287
4724002,17284
4742016,17282
4741915,17262
16217895,17252
16210672,17247
231502880,17239
162142250,17237
24709502,17233
247463060,17219
7726359,17202
4716873,17201
4821489,17197
258647624,17184
321619704,17183
239559097,17182
4751843,17180
26702165,17167
512997818,17155
512997819,17152
231502886,17148
336070974,17140
4742013,17138
4724022,17128
24027540,17113
4775790,17112
679971282,17106
332240216,17093
39885383,17091
162144287,17083
658236303,17076
162144289,17072
4716862,17071
231502885,17060
42121015,17056
39885391,17045
239195031,17039
4724013,17023
4724026,17010
24716186,17007
4751845,17003
7726330,16999
336067605,16981
328514855,16978
51543063,16975
4962926,16969
51164194,16964
4724017,16960
4741883,16958
43763644,16948
680270248,16943
332240219,16936
293414039,16936
4741916,16936
680270251,16927
39573551,16891
236016593,16889
293560854,16883
43763637,16881
43763643,16880
133901081,16877
43763639,16875
679984211,16862
4716859,16857
658725245,16856
678335310,16855
231491310,16849
4730073,16827
34304604,16797
112950524,16790
337522383,16788
333021916,16780
344477771,16774
658241799,16762
24027475,16759
504781908,16757
324391341,16756
293560855,16755
4716887,16755
40350413,16753
39573554,16752
658223850,16742
105272826,16722
369117814,16700
652583279,16695
231852886,16694
567024561,16690
332240217,16679
180750377,16663
405365464,16663
454736993,16659
231934729,16657
296151761,16654
22809662,16648
640005920,16639
231026427,16635
382141733,16633
658236301,16627
344195670,16615
41454962,16607
326962602,16602
25786712,16598
40131529,16597
24009055,16596
4962802,16594
4761547,16591
296151762,16574
369117813,16568
4741910,16566
567085646,16563
4742005,16556
658223853,16553
162143537,16548
326961947,16537
658236302,16537
24966570,16532
9931279,16532
231932785,16530
39573549,16524
297314798,16511
52498283,16508
512997817,16499
679380436,16494
427264563,16491
231502883,16483
239432196,16482
698498913,16476
512997816,16471
296147516,16459
39885349,16457
679223090,16455
231932782,16450
567024565,16450
239559100,16448
4752665,16438
567024564,16435
4742006,16433
24027794,16426
515200203,16426
567085634,16419
679380435,16415
567085635,16413
43763645,16411
231932783,16410
231502125,16408
658289092,16404
581225458,16403
567024566,16400
529987013,16398
231933574,16390
352430680,16389
678392858,16385
231933312,16382
43763646,16380
239432197,16378
567024562,16375
239430630,16374
529985775,16364
43763641,16338
24027538,16335
16213668,16331
658264981,16327
357786418,16324
529987012,16320
4962952,16316
231933977,16315
239559098,16315
670423540,16313
4723377,16310
231502879,16303
4963130,16302
504781907,16302
427222044,16295
532651627,16292
670423539,16288
427264580,16283
24716350,16279
321619710,16272
324391344,16265
247463071,16264
427264546,16257
364278901,16253
658725244,16244
679660001,16235
388388731,16235
529985774,16233
352430682,16223
180151254,16222
679660005,16218
427264542,16208
4723371,16208
40555054,16197
26702239,16193
614460287,16192
364950600,16168
322803174,16153
679223078,16148
333021919,16145
4761545,16145
324391338,16144
485132078,16138
48231209,16132
658725248,16132
640006543,16124
679223084,16123
658223842,16120
43763640,16118
4741911,16114
302568884,16110
639989534,16108
25773742,16105
4821634,16105
643633767,16103
532650197,16093
231510706,16084
162030322,16083
39885585,16076
40478814,16074
679223080,16072
352921937,16069
679971284,16066
231355408,16065
658725246,16051
614460296,16044
427264584,16043
39885370,16036
25773743,16031
231932784,16029
369117811,16012
658409694,16010
231508261,16003
658409702,16001
658223899,15996
24009795,15989
658223895,15987
529985773,15987
25868144,15982
658241800,15981
162135637,15980
40315869,15974
614460293,15969
40131525,15968
4726913,15968
333021921,15951
667221159,15942
22809665,15932
231510701,15928
639998852,15927
311725602,15921
293413775,15912
679644053,15912
4685092,15904
658241798,15899
658575814,15889
230315386,15881
25868142,15871
22797593,15867
43159843,15851
679644054,15851
26584094,15840
162140029,15834
247463079,15833
529987015,15826
532650196,15817
231510710,15812
655528563,15811
658275745,15809
247463075,15789
529985768,15779
230315380,15775
24027382,15774
39885369,15768
230315373,15760
182627060,15759
321619726,15758
39885382,15753
231933978,15750
4761133,15743
25060263,15739
230315385,15738
643635633,15736
663223989,15733
230315394,15726
658241801,15724
658223863,15724
239430634,15718
672265211,15717
239805675,15717
296151764,15717
46038697,15713
567085661,15711
568942541,15709
419115199,15703
427264586,15700
643721753,15694
294960063,15681
40131526,15681
230315383,15680
614460291,15675
369096748,15668
239805673,15668
561480209,15662
345017135,15658
680541964,15650
336068274,15634
658513182,15630
230315392,15626
40187816,15623
577999109,15619
419291433,15617
311725593,15615
658249649,15613
296151766,15611
644237785,15611
184369594,15607
419115198,15607
231934726,15599
493736707,15598
4761139,15590
679644056,15589
97815364,15587
95122010,15576
311725601,15572
112470619,15572
95122018,15571
197833188,15570
22804380,15570
515100444,15566
112470684,15562
683045288,15559
24027330,15554
567085663,15549
311725605,15549
529985771,15548
4761141,15541
239164440,15539
687425393,15531
182627061,15525
97816393,15519
231934730,15519
239185908,15513
231490823,15512
26598792,15508
679223086,15503
532821306,15491
39885723,15489
4734788,15489
654285027,15487
46038695,15484
654285031,15478
529987014,15478
553306827,15476
239432195,15473
352430681,15471
312906759,15471
231202763,15461
4821514,15461
231491309,15458
227701631,15453
680531168,15450
679644055,15445
231933314,15440
4752673,15431
687425391,15419
231202761,15403
26622734,15391
515200207,15387
367770982,15375
658223847,15374
567085639,15373
22804543,15370
679646336,15368
22809999,15364
311725584,15363
42011040,15356
628619947,15338
639994925,15329
567085633,15328
231934728,15326
680541965,15323
658236300,15321
43159844,15320
40121544,15319
24716336,15314
532650205,15308
162033249,15300
40006029,15296
247463070,15294
658409703,15293
24717220,15292
41454961,15289
369096480,15286
302568882,15273
427264570,15272
515200202,15263
231026425,15263
687425392,15262
679223092,15261
680305763,15256
231932238,15255
658241802,15255
33136417,15252
639994926,15240
231508270,15237
22797621,15235
679665958,15227
515100445,15226
231932781,15224
402310565,15219
230315367,15217
187198057,15209
4730072,15198
39573564,15197
367770985,15181
658409684,15140
4775791,15134
640005918,15133
231502136,15128
40056255,15125
39571274,15117
658264975,15114
39886466,15097
239784688,15089
655547452,15064
567085672,15052
197833190,15046
678371492,15046
419291435,15033
614460294,15029
567085671,15014
640006542,15010
567085642,15005
239805677,15004
291880304,15003
639986097,15002
180751763,14993
4730070,14962
187198061,14962
239805676,14955
4752664,14953
154232836,14949
658575815,14938
4723383,14936
567085657,14928
278017676,14924
554225131,14922
40317988,14913
678333306,14910
532657335,14902
529985778,14902
4723980,14886
162030307,14877
230315381,14874
680050187,14872
311725595,14861
39885368,14860
680062809,14857
680071832,14857
40056253,14853
345017134,14847
678331781,14845
680884708,14844
658575807,14839
22804533,14833
33174300,14825
563369098,14822
239559103,14817
97815362,14817
680311066,14812
678371493,14810
512997820,14810
643721757,14806
670265155,14802
26723454,14800
231026430,14800
22797595,14799
184369593,14796
312485791,14796
22797599,14780
24008123,14779
25748335,14770
24026994,14766
305664823,14762
24009167,14753
183810315,14751
312906757,14743
26723196,14739
678371496,14738
643635634,14737
561747151,14735
344195610,14732
39573542,14730
40478817,14726
680354995,14725
40006040,14724
679646334,14724
231355849,14719
658697091,14718
640073511,14710
427264567,14709
25748334,14709
24025777,14689
231508275,14687
665118550,14682
239559099,14677
471508538,14675
311725582,14669
231355848,14668
658575811,14666
311715904,14662
640088048,14658
654285028,14648
311725587,14645
4730069,14641
40121543,14629
658240391,14623
678652462,14619
34304803,14611
231502132,14610
665118551,14608
583707638,14606
239183919,14602
658575808,14600
22797594,14597
100788272,14594
4752669,14586
679646335,14585
654285034,14581
367770984,14574
658223874,14570
679968814,14560
278017675,14560
583707631,14556
427264574,14553
40478816,14552
680005245,14551
658223878,14549
658236299,14548
231508276,14540
24009413,14538
26584090,14525
680308726,14525
427222047,14512
427222045,14507
658273333,14501
227699767,14500
678371497,14498
4775770,14494
678356730,14494
567085665,14490
658240408,14471
679837857,14469
369093688,14468
265007049,14459
231502123,14459
24009876,14456
658264976,14449
679519426,14448
336070975,14444
239559101,14436
239805669,14433
678331782,14432
660654140,14428
678324222,14417
180750385,14413
685864460,14413
26791238,14412
226151407,14411
643633768,14411
674984258,14394
427264577,14394
296149415,14390
336024448,14390
680005247,14381
658409700,14378
231510704,14377
326666377,14371
239559113,14366
658240392,14360
231510700,14354
4750299,14343
26469164,14331
245261814,14330
372934056,14325
309003698,14319
658697090,14312
305664826,14309
658575806,14307
658575803,14299
680915356,14298
658421885,14293
563369103,14292
567085654,14291
52498281,14282
4741904,14272
369096481,14272
294960057,14254
679633502,14251
311725597,14248
24009354,14247
658219775,14244
658273338,14244
182627117,14240
658513183,14238
26584130,14228
239559123,14224
24009331,14219
658575809,14208
22797598,14208
532657338,14206
679947306,14199
658513181,14198
22797597,14197
643721755,14196
162140494,14172
658240406,14169
239190766,14166
679837859,14152
640082455,14139
96882517,14128
24716338,14127
658697092,14123
554686822,14122
678327317,14121
184369652,14104
678335135,14103
24009169,14097
658697085,14091
563011792,14089
239429513,14078
658219778,14071
679519425,14052
321619718,14046
361362054,14038
658575810,14036
4723976,14028
640085850,14025
674984260,14019
679403931,14016
4752667,14009
678437650,14007
658208342,13993
427264549,13989
678331780,13988
427222040,13987
658575802,13976
4741880,13973
271399316,13972
162025586,13946
658219773,13946
567085636,13939
97815369,13938
4741907,13926
4716860,13923
658240393,13922
39885366,13911
640088049,13906
678327316,13901
337517575,13879
497021175,13879
40056254,13872
658240410,13864
567085673,13845
42399907,13826
563011790,13825
659308915,13821
640073510,13821
363328070,13817
658240413,13809
567085658,13808
42121016,13804
658240412,13802
184369605,13798
567085660,13798
239110927,13793
239559114,13788
22797596,13786
184369608,13786
184369607,13773
25747596,13772
39881417,13767
567085655,13765
363328071,13756
675672891,13739
427222046,13714
679646333,13687
640085854,13671
24716086,13669
658236307,13664
43613936,13663
567085638,13644
24009793,13631
331572549,13628
532650191,13627
680005244,13622
25746711,13608
115591631,13605
97815366,13601
239190769,13598
25060261,13595
231508266,13594
679148188,13593
640005923,13586
24009833,13583
658223880,13580
231490822,13578
419291434,13576
658223870,13568
44487115,13567
640088045,13565
239559124,13560
640085849,13558
567085637,13558
24026970,13552
680871485,13549
659304613,13540
226151337,13539
532650193,13537
312906760,13535
312485790,13532
679947305,13529
658273334,13528
312906755,13523
658409678,13509
680284466,13505
25748359,13503
658223856,13500
532650198,13475
679837860,13472
162025587,13460
563011794,13458
7726728,13457
639998851,13442
678314942,13442
567085640,13442
26842934,13440
515200208,13439
640088043,13435
678333304,13431
239559107,13430
278017671,13429
311729917,13426
239192904,13426
4751849,13422
323612093,13417
231201988,13410
154232800,13409
658240407,13406
556600495,13399
581225465,13396
658240411,13392
161487291,13389
494796461,13381
658240414,13377
515200206,13367
231503843,13367
278017672,13364
40317987,13344
552376627,13329
239559115,13325
538102826,13323
39571275,13316
24042623,13310
321624886,13302
231026428,13293
312340551,13286
563011793,13284
312906758,13278
658289093,13278
665121576,13277
231503846,13277
427264560,13263
532650200,13261
40006028,13258
392064654,13255
567085648,13249
680305766,13245
297314919,13241
672119333,13238
344083455,13204
658240394,13200
658409680,13200
658725247,13200
231510707,13196
678635210,13190
680354993,13189
678327892,13187
419291440,13169
337522385,13161
532650203,13161
231510709,13149
8462669,13141
4761150,13136
659308919,13129
231504515,13128
4752672,13110
643635638,13075
361360703,13069
529987011,13068
672119332,13064
25703659,13054
640082453,13045
44035355,13042
23754511,13036
427264558,13031
25786642,13026
26622194,12995
301694732,12990
7726502,12982
169041727,12973
39962868,12973
231510698,12948
239168029,12945
680915355,12941
4760502,12939
654756985,12928
24042621,12909
678444144,12907
489432383,12904
24717230,12895
4752421,12885
640074592,12885
4741905,12884
326666381,12877
231932147,12876
679837858,12859
654756984,12852
678371495,12849
321619727,12842
39573543,12832
265007050,12824
25739286,12823
643635637,12820
40478815,12816
678371494,12815
26584254,12809
26539541,12807
675986562,12806
512985264,12805
658318939,12805
326666378,12798
680305764,12798
427222039,12792
44629696,12783
326666379,12776
231493242,12774
680256083,12773
231504517,12764
659301395,12755
26472167,12743
663223936,12738
658236305,12738
658409699,12732
680247038,12723
658208345,12720
239429516,12713
144107558,12704
659301394,12701
231504516,12685
50996459,12680
515200220,12672
678314566,12662
344083166,12662
4775773,12638
326666376,12635
668455401,12631
326666380,12623
326666382,12622
639986098,12619
231493252,12618
39885381,12617
680305765,12615
239183915,12598
336024451,12588
658208331,12583
231504514,12581
678635209,12562
555081132,12533
326666384,12532
679967612,12523
658240409,12519
26842952,12505
40056257,12503
659301401,12499
43159846,12496
4734781,12493
16213875,12481
25606246,12469
97684962,12467
4761548,12466
679837856,12465
97815367,12460
335603380,12449
25773749,12440
679982431,12434
22797659,12424
239168031,12422
4761563,12415
674968846,12415
231510703,12412
97815365,12390
184369602,12384
26723346,12379
510791494,12377
4775762,12374
563011788,12365
555082100,12359
419291439,12348
659312606,12342
675986550,12341
679633503,12329
40056251,12323
679198775,12312
312369039,12311
239559102,12295
680062808,12279
640082456,12270
680947237,12259
335603381,12256
184369604,12249
22797623,12246
312340553,12238
24009501,12232
512997806,12215
25606234,12201
680354992,12196
184369887,12188
658208324,12187
43159847,12162
658208326,12156
51164168,12156
675986552,12145
556588931,12133
658208340,12127
673415888,12106
680284467,12087
569279472,12067
369098860,12048
321619713,12044
432316785,12039
658208338,12036
231510705,12036
231510708,12030
659301398,12028
25739194,12021
680338521,12021
659308906,12021
659301399,11981
99683608,11973
33136075,11963
43270177,11960
133901005,11957
671417090,11932
39885392,11925
44035354,11906
231510702,11904
532650195,11899
285168909,11864
680354994,11861
516178118,11861
40057118,11832
640005917,11817
572078974,11812
658208335,11811
658208333,11809
24011501,11797
553594283,11794
51543077,11788
672119335,11780
56311453,11780
680032417,11773
432316786,11763
231502140,11750
247463062,11749
231502117,11744
260453242,11725
369096482,11713
675986558,11712
24716054,11702
580233752,11701
231510999,11693
678327319,11690
25858169,11686
678314569,11685
24009444,11682
86401652,11672
659308913,11671
24009828,11665
494796462,11663
4741908,11658
679635766,11648
679635765,11646
95991727,11634
265735809,11631
493736709,11619
672119331,11611
24009451,11610
678652463,11600
658418119,11594
556600493,11593
39573541,11589
22797661,11585
7726144,11569
658223891,11551
22797664,11548
675672886,11548
344083456,11541
658409695,11540
658223887,11524
640073514,11524
655583144,11521
22804541,11519
581225464,11498
4723967,11489
347091661,11435
173820857,11428
25748368,11416
680553356,11412
659301396,11412
382141732,11405
678333307,11404
154232841,11392
286033100,11382
680551410,11378
24011418,11371
25773736,11369
337522389,11356
640088044,11347
321619722,11334
678327318,11331
685864459,11316
39519628,11301
239185909,11301
394592470,11288
4724000,11287
583039635,11276
25748372,11260
7726198,11257
4726692,11256
369093061,11253
580233744,11241
337521272,11206
639990921,11194
472115191,11190
294960061,11182
553306826,11176
658208347,11174
655574417,11156
532650199,11135
532650204,11135
679203004,11123
640088042,11123
658223830,11116
231934731,11113
678314567,11113
640005922,11107
640005921,11094
369093063,11074
658223867,11072
679968813,11059
672119330,11058
231502121,11042
679837855,11038
658223832,11030
231503849,11020
567085667,11017
679665956,11008
658223840,11004
271399315,10996
658223859,10995
640085851,10991
663142793,10986
25849925,10977
658240401,10976
556588928,10973
231503037,10971
664046290,10969
680533908,10968
679990874,10962
580233740,10956
40056341,10944
679968812,10934
337522388,10909
679658730,10895
42010975,10884
321619707,10882
538102825,10880
265736012,10876
39519105,10868
231503036,10864
22797607,10862
489432382,10852
95991726,10852
231503847,10822
184370020,10815
40056259,10814
659301400,10801
295905516,10796
425094084,10784
326666389,10778
8449973,10761
678327891,10725
679203005,10713
231503848,10712
26468882,10694
529988204,10685
25761965,10664
247463758,10663
239415338,10657
580233736,10636
97694540,10635
678333305,10632
43270176,10631
581225462,10616
658418122,10612
24716552,10594
307720124,10594
97684961,10582
552586858,10581
580233750,10557
4727393,10531
679646331,10528
675131430,10518
679964966,10516
655583139,10515
4741909,10500
8462702,10490
580233737,10481
114394273,10464
567085668,10452
567085669,10451
336024449,10440
675672890,10437
39519111,10429
184369603,10425
113187446,10416
337522387,10410
173820865,10402
567085651,10397
26472456,10389
388178010,10377
532650194,10374
678444143,10368
97694537,10365
432316783,10361
25761936,10351
680343418,10350
658418123,10343
472115190,10342
659308909,10342
556600494,10337
679963876,10318
673415886,10306
40187815,10297
24717346,10297
97676906,10279
330492794,10270
105268981,10257
580233741,10245
532650202,10236
34061840,10219
512985265,10213
22797662,10209
680551411,10208
95792925,10197
231510711,10191
25739184,10179
672119329,10174
643635636,10162
144107557,10154
384843190,10153
512985266,10151
567085644,10130
77343710,10119
665121967,10119
665052570,10115
326968549,10115
239190762,10113
658219755,10085
231503034,10084
231502131,10082
659301402,10074
231502134,10072
673415887,10068
231502113,10060
580233732,10052
659308908,10033
679968811,10023
680273737,10018
673354083,10004
680263998,10003
672119328,10001
512997812,9990
408293316,9988
247463077,9974
580233735,9960
580233747,9958
680915358,9951
428763830,9939
239190772,9935
556588935,9931
679646332,9930
95932149,9900
680305145,9895
265735811,9885
173820861,9876
678314568,9858
658418121,9852
450949696,9846
679508076,9820
676715100,9811
678328627,9809
184369597,9803
665121968,9769
292444196,9760
23754491,9758
659301397,9740
228807174,9731
580233733,9726
415494870,9721
23754747,9718
336026407,9715
542196882,9710
680308725,9703
581225463,9700
655574378,9699
25341981,9688
173793757,9687
554665808,9663
24829133,9659
679198784,9653
544090386,9649
655574382,9626
25858120,9608
681098570,9605
231503845,9601
39519106,9581
679406618,9569
643635635,9560
432316784,9558
679988853,9546
295905515,9545
450949697,9542
427849273,9537
658709080,9520
4724011,9518
25748216,9488
87647441,9487
680043348,9486
652583280,9481
136577675,9462
25473304,9447
233059636,9425
673781800,9425
659308914,9412
145120516,9409
679665957,9408
239194167,9404
672119325,9398
639994924,9398
44629731,9392
367770978,9389
297313743,9387
22804440,9383
7726738,9372
226151336,9371
231503035,9367
26472454,9365
312571657,9352
344084529,9349
680909350,9347
33174278,9341
679198778,9324
291877706,9284
154232784,9274
183810314,9266
679377199,9264
680007967,9259
680263996,9245
673354084,9244
227701267,9237
39885371,9219
679658731,9212
173959637,9206
680469091,9188
567024569,9188
322829696,9180
26469183,9172
233059635,9164
26468740,9125
532650192,9111
25858115,9098
352430679,9094
41294345,9094
659308907,9090
40121517,9081
53787717,9062
39885385,9027
39885367,9019
44487111,8997
583039636,8986
331053166,8976
162817965,8972
680103433,8958
678526555,8919
22810584,8909
672119334,8896
680343415,8896
227701266,8893
231026429,8866
680311067,8861
643309114,8833
512997811,8827
53787716,8827
25703549,8805
577999110,8801
655547451,8789
655574410,8786
672119324,8781
41667597,8780
679508074,8764
472115196,8761
679198779,8761
259887822,8755
659873729,8755
8462710,8754
50996454,8748
161487292,8743
39962881,8742
97676908,8742
99683607,8741
84658296,8732
658273339,8731
4752328,8730
658418120,8690
259887820,8689
259887821,8689
363390669,8682
25036471,8681
668455394,8680
472115193,8680
259887904,8678
162818139,8647
4761138,8646
512985269,8623
87654402,8613
680572843,8606
678717272,8602
188442931,8569
100126230,8565
25773355,8554
26702161,8526
680103432,8526
652583281,8518
188442932,8510
254811674,8483
7726755,8476
680469228,8473
100796586,8464
260452279,8450
583039637,8437
583707624,8430
26702856,8425
184369596,8425
658273340,8422
581225466,8417
640082451,8414
659951030,8410
680870449,8396
60882536,8394
26472141,8388
4821520,8375
640088046,8346
22797665,8311
99683605,8295
568942543,8291
173959636,8290
150473473,8251
25760566,8251
673570440,8231
679203007,8230
239183929,8224
640088047,8206
330492795,8200
679203006,8174
231502882,8166
331471465,8158
45763004,8130
231499832,8111
312340546,8110
183678888,8053
673781801,8038
374245891,8026
552417979,8020
363390668,8020
231499829,8008
326968551,7997
659024565,7993
512985270,7977
4751854,7949
41454967,7945
369117815,7938
53059089,7924
676715099,7917
668214905,7903
680043347,7872
22804542,7856
680043346,7854
337517576,7854
512985271,7852
478003522,7848
565316623,7804
664046291,7794
658697087,7784
432316788,7783
567085647,7778
25737793,7745
228791222,7730
233060433,7697
259888183,7694
643309112,7688
39962870,7686
640083533,7684
592440131,7684
112950523,7678
640073512,7673
48850475,7672
658409697,7670
4752326,7659
567085643,7648
555081906,7639
39962872,7619
24011419,7615
583039634,7599
39886100,7563
678568179,7558
231508265,7537
347091662,7516
24027527,7505
678559779,7495
363390667,7487
679203008,7482
583039633,7469
77344710,7466
25605801,7464
162817957,7452
24025252,7434
678331786,7431
679198776,7419
154067949,7418
51068009,7415
567085649,7399
25858103,7390
678402168,7344
51543065,7324
48958914,7317
53627921,7302
231493253,7284
88401566,7283
247463068,7267
643309113,7266
658559803,7257
678331783,7230
643309654,7226
247463065,7198
671401131,7197
658559804,7195
26472476,7173
564775722,7148
97694543,7144
187197454,7138
187197444,7133
679198780,7107
432316787,7106
551713122,7104
672119326,7101
680287024,7074
678438287,7069
678099441,7063
61494921,7058
686119500,7024
673354082,7012
231498620,7007
99190152,6975
555081907,6968
231502881,6963
679390763,6950
673570439,6939
679971285,6926
512985273,6909
184369800,6873
45554325,6805
187197442,6800
681098568,6797
24716352,6792
25739061,6790
552385103,6787
45554329,6785
26469194,6783
658559802,6779
326666386,6772
231493248,6747
265007052,6737
572001788,6724
556588933,6719
40131554,6719
231493251,6701
88401564,6697
529985770,6685
25773757,6678
677048816,6669
25342220,6646
25590417,6639
231503844,6628
668295096,6617
101074610,6615
679390075,6607
686119501,6600
293561145,6584
162817969,6574
567085641,6511
679734461,6495
658273332,6478
44487147,6475
326666385,6469
680915360,6461
8462721,6461
658273335,6409
678572285,6387
43270175,6375
259332951,6374
231493247,6365
131715463,6361
678339743,6353
231852887,6343
512985272,6335
678528877,6309
231511119,6293
239110926,6278
679531841,6252
678051603,6242
330461528,6242
572078979,6238
658559800,6235
675260004,6231
668295095,6206
231499826,6202
89823436,6183
26539662,6169
41791877,6145
678652461,6137
564775723,6119
673781802,6118
568975557,6110
670008321,6109
39962903,6099
39962894,6096
161487256,6075
26622618,6050
161487252,6044
107279613,6043
25342221,6035
660520648,6035
187197451,6029
4752661,6023
87651850,6023
658559801,6014
680247037,6010
24716359,6004
568926906,5991
680915359,5990
231502884,5960
678182386,5956
23754548,5941
512985275,5941
658219753,5928
26469189,5907
97084503,5897
440744016,5882
639986096,5870
26468855,5868
247463752,5853
24025185,5851
16214934,5823
679998460,5815
25745721,5807
326666383,5802
231508273,5779
34358642,5774
679964965,5774
493736712,5737
658709079,5731
22810559,5729
532655559,5724
532650190,5722
675260000,5718
26787881,5714
4821485,5709
512997808,5700
187197593,5649
675259997,5638
679531838,5632
672301743,5571
231511121,5552
231493753,5537
367956923,5510
675672887,5482
187196989,5472
440754741,5467
512997821,5460
679365602,5442
183678863,5438
658318940,5434
679998459,5423
4724007,5402
567085653,5397
24027519,5395
675259991,5395
640082448,5391
658709099,5384
107279612,5367
312906753,5358
658219757,5353
4752331,5353
671415236,5340
659951027,5283
25773785,5276
24008189,5259
97988623,5245
77344709,5206
512997810,5172
512985274,5163
231493250,5145
678331785,5122
512985276,5098
658264989,5097
573812139,5087
48489687,5070
231493258,5064
233060431,5057
409879436,5024
672119327,5001
658409688,5000
361360705,4988
678333050,4981
640082450,4978
229412246,4952
312490368,4928
512997807,4865
4724019,4864
301694733,4846
241541371,4832
679198777,4823
678051604,4820
538598324,4818
87647458,4815
25036530,4808
584887777,4799
174310467,4797
563207321,4782
367956920,4753
679176863,4752
231498626,4749
174310498,4747
677048817,4743
671212216,4734
679998458,4730
51543080,4726
231498629,4713
4761157,4713
40131548,4710
151062516,4709
172265321,4698
4761154,4697
43270172,4681
369080490,4669
679187469,4664
640083535,4659
105097948,4659
87647454,4627
87651851,4618
680253313,4618
440744018,4593
553589492,4583
101196391,4549
679379864,4449
362403931,4441
679198783,4399
231026426,4384
187197446,4380
337517586,4370
187197453,4368
95635640,4333
77344708,4328
26622329,4282
24027268,4266
187198058,4265
44629777,4262
369117818,4261
23754626,4223
101196432,4221
671425430,4218
312490043,4208
24025189,4190
48205023,4164
321619725,4157
512997809,4129
103268500,4124
25036516,4115
292444195,4100
668253453,4099
512985267,4052
26468862,4046
363390670,4037
4741894,3998
679372016,3985
60740535,3970
456322243,3948
658264988,3946
118163729,3937
679150083,3929
39885603,3915
162817955,3881
162817967,3849
680243062,3845
25538839,3826
231932074,3819
76580449,3807
643844408,3807
679971283,3753
162818143,3753
655547442,3740
154232780,3736
679187470,3734
568922801,3710
231493246,3697
567085656,3694
532657334,3683
187197447,3682
658223835,3678
26472558,3678
658223837,3677
56052356,3646
89823435,3638
674860433,3635
658559811,3588
658559812,3585
515200244,3585
572078987,3564
161929476,3564
680828589,3553
363390237,3549
515200245,3543
679215455,3534
285168912,3522
288107279,3503
25739334,3477
668253454,3476
286033103,3458
683045287,3440
26472593,3439
472115249,3430
392186117,3397
668882374,3359
310029006,3340
187197443,3338
658409701,3323
162818140,3312
231933311,3310
681099272,3297
568942542,3296
24716716,3294
93704558,3293
187197450,3272
369132150,3270
97684955,3265
610048829,3255
97677247,3248
683045286,3219
387485959,3219
25036571,3209
56052355,3191
231511120,3185
679998457,3156
137340064,3146
392186116,3120
436796430,3117
97677241,3102
678112000,3102
679390762,3094
572087310,3080
363390235,3075
560545474,3048
369132151,3048
97677242,3035
26744436,3027
673334376,3017
313794098,3009
680371923,3000
233060278,2962
679376933,2948
27014344,2938
97694671,2908
97676904,2908
362403930,2891
440754740,2873
48489679,2837
678119023,2828
655547439,2827
26702867,2823
231355409,2821
231493764,2807
658711955,2798
231493756,2794
97817014,2793
184369629,2790
436796431,2774
26539675,2774
231498618,2765
680914487,2762
4821661,2756
668253451,2755
231493758,2714
239559119,2709
560544926,2672
247463069,2652
24027546,2635
670446927,2617
640082452,2599
658711951,2599
241541372,2579
309003285,2565
572078983,2565
628277024,2559
436796436,2558
239190775,2542
658709098,2536
659951028,2525
640083536,2509
244985953,2506
679229880,2497
25064164,2480
112470688,2473
247463073,2469
331282323,2456
659024535,2454
40131531,2439
678559796,2426
120730961,2418
26744420,2412
678534631,2388
121271216,2388
436796433,2385
231508269,2369
512985268,2361
173959649,2354
557002799,2353
187196992,2352
97677237,2351
679627964,2336
86401296,2327
472115186,2326
97988621,2325
239432194,2313
241541373,2305
452864611,2302
269783352,2281
321619730,2269
678661659,2267
678572286,2267
668297103,2255
231493762,2255
231510746,2242
658559814,2241
241541374,2233
436796432,2227
668253452,2207
667451281,2201
363390233,2175
103615660,2172
641653526,2168
97684954,2166
658559813,2164
161956789,2149
288107280,2142
43196976,2142
394592468,2133
233060276,2114
313035435,2098
112470639,2097
641653528,2081
680947236,2065
97684957,2064
556999024,2059
94703381,2047
658421884,2043
233060279,2035
678559797,2032
565319249,2025
4724023,2019
43196975,1987
120729889,1986
25761267,1970
640005919,1933
231498619,1927
671414874,1917
173959640,1863
472115185,1837
231511233,1805
472115188,1802
472115189,1797
658223885,1785
26787943,1780
679998461,1774
679998462,1759
363390234,1738
674908957,1738
231508271,1731
667463175,1718
187197455,1718
173959638,1716
161929474,1657
386756274,1653
94703382,1629
198232976,1607
233060430,1581
43949400,1498
440744019,1493
671409416,1480
679734462,1460
26430734,1397
98041007,1374
655547444,1372
187197452,1345
198232922,1337
236016594,1333
184369961,1316
673334374,1309
231493757,1305
679163684,1301
680070299,1280
25705034,1278
640082449,1266
472115184,1254
659024533,1247
680909766,1234
553300443,1217
87650829,1211
96878966,1204
97816984,1177
231493760,1157
671167378,1153
162817964,1148
162817959,1135
679360506,1126
668253450,1102
580233738,1068
668645827,1051
332245951,1042
187197441,1038
26583646,1017
36344839,989
312490044,987
472115183,967
538598325,938
241541370,935
287710525,922
44629862,918
241532779,874
668253449,840
557709554,838
247463074,832
97816987,791
472115182,774
231498631,658
97816392,616
184369872,569
97816073,557
362403284,527
84629925,522
640082457,490
655547440,437
76967085,377
26468883,324
680875540,283
361905289,124
49890861,124
